Year,Total_Sales,Total_Profit,Avg_Discount_Impact,Avg_Profit_Margin
2013,26415255.51,4100802.0100000002,0.08086792687709343,31.28253531772278
2014,92311094.75,13570221.5,0.0821144719180219,30.950519832482122
