Country,Avg_Discount_Impact,Total_Profit,Avg_Profit_Margin,Total_Sales,Total_Transactions
Canada,0.0851646898502024,3693717.635,30.290389918692657,24887654.885,140
France,0.07879459338142719,3906754.53,31.332502837989274,24354172.28,140
Germany,0.07501364304217792,3820885.07,31.388390021434997,23505340.82,140
Mexico,0.08794759698178649,3053223.11,30.618673665479875,20949352.11,140
USA,0.08209365503335495,3196443.165,31.55661858561378,25029830.165,140
