Product,Avg_Discount_Impact,Avg_Profit_Margin,Total_Sales,Total_Profit
Carretera,0.134549351484316,16.502096404070407,3877559.05,430979.05
Paseo,0.13131214132574393,16.888144751586633,13114616.165,1628478.665
Montana,0.12955462381772492,16.285591666855844,6059465.53,732865.53
Amarilla,0.12612668045085548,17.23539831588847,5384244.42,639921.92
VTT,0.12477026695543317,16.15590832098781,7623382.63,884477.63
Velo,0.12423932377232594,16.463201582856087,7771166.215,752766.215
