Avg_Discount_Impact,Total_Profit,Avg_Profit_Margin,Total_Sales,Total_Transactions
0.08760237559342579,2936044.06,32.777779824838944,17747116.06,94
0.08048923413699009,2057914.885,35.22932436408442,13815307.885,93
0.07793676124156672,2171281.13,29.00465456897683,15390801.88,93
0.08025020399161926,4917986.7,30.496228746907438,33011143.95,202
0.08342652258198327,3156348.02,29.17872877999365,20511921.02,109
0.08247442125432823,2431448.715,30.82738283313792,18250059.465,109
