Quarter,Product,Total_Quarterly_Sales,Avg_Quarterly_Profit_Margin,Total_Quarterly_Discounts,Total_Quarterly_Profit
1,Amarilla,17747116.06,32.777779824838944,1290163.44,2936044.06
1,Carretera,13815307.885,35.22932436408442,1122212.615,2057914.885
1,Montana,15390801.88,29.00465456897683,1159032.62,2171281.13
1,Paseo,33011143.95,30.496228746907438,2600518.05,4917986.7
1,VTT,20511921.02,29.17872877999365,1456612.48,3156348.02
1,Velo,18250059.465,30.82738283313792,1576709.035,2431448.715
