Avg_Discount_Impact,Total_Profit,Avg_Profit_Margin,Total_Sales,Total_Transactions
0.07907413504307152,1316803.1400000001,73.02314662392321,1800593.64,100
0.07350266910899035,162775.625,2.0728878153662498,19611694.375,100
0.08373804288130728,11388173.17,29.331397976167796,52504260.67,300
0.08488110400511475,660103.075,27.674593066325684,2381883.075,100
0.08394781280343006,4143168.5,9.671015599714162,42427918.5,100
